"cooperativa";"estado"
"Consumidor";"São Paulo"
"Consumidor";"São Paulo"
"Consumidor";"São Paulo"
"Consumidor";"São Paulo"
"Consumidor";"São Paulo"
"Consumidor";"São Paulo"
"Consumidor";"São Paulo"
"Consumidor";"São Paulo"
"Consumidor";"São Paulo"
"Consumidor";"São Paulo"
"Consumidor";"São Paulo"
"Consumidor";"São Paulo"
"Consumidor";"São Paulo"
"Consumidor";"São Paulo"
"Consumidor";"São Paulo"
"Consumidor";"São Paulo"
"Consumidor";"São Paulo"
"Consumidor";"São Paulo"
"Consumidor";"São Paulo"
"Consumidor";"São Paulo"
"Consumidor";"São Paulo"
"Consumidor";"São Paulo"
"Consumidor";"São Paulo"
"Consumidor";"São Paulo"
"Consumidor";"São Paulo"
"Consumidor";"São Paulo"
"Consumidor";"São Paulo"
"Consumidor";"São Paulo"
"Consumidor";"São Paulo"
"Consumidor";"São Paulo"
"Consumidor";"São Paulo"
"Consumidor";"São Paulo"
"Consumidor";"São Paulo"
"Consumidor";"São Paulo"
"Consumidor";"São Paulo"
"Consumidor";"São Paulo"
"Consumidor";"São Paulo"
"Consumidor";"São Paulo"
"Consumidor";"São Paulo"
"Consumidor";"São Paulo"
"Consumidor";"São Paulo"
"Consumidor";"São Paulo"
"Consumidor";"São Paulo"
"Consumidor";"São Paulo"
"Consumidor";"São Paulo"
"Consumidor";"São Paulo"
"Consumidor";"São Paulo"
"Consumidor";"São Paulo"
"Consumidor";"São Paulo"
"Consumidor";"São Paulo"
"Consumidor";"São Paulo"
"Consumidor";"São Paulo"
"Consumidor";"São Paulo"
"Consumidor";"São Paulo"
"Consumidor";"São Paulo"
"Consumidor";"São Paulo"
"Consumidor";"São Paulo"
"Consumidor";"São Paulo"
"Consumidor";"São Paulo"
"Consumidor";"São Paulo"
"Consumidor";"São Paulo"
"Consumidor";"São Paulo"
"Consumidor";"São Paulo"
"Consumidor";"São Paulo"
"Consumidor";"São Paulo"
"Consumidor";"São Paulo"
"Consumidor";"São Paulo"
"Consumidor";"São Paulo"
"Consumidor";"São Paulo"
"Consumidor";"São Paulo"
"Consumidor";"São Paulo"
"Consumidor";"São Paulo"
"Consumidor";"São Paulo"
"Consumidor";"São Paulo"
"Consumidor";"São Paulo"
"Consumidor";"São Paulo"
"Consumidor";"São Paulo"
"Consumidor";"São Paulo"
"Consumidor";"São Paulo"
"Consumidor";"São Paulo"
"Consumidor";"São Paulo"
"Consumidor";"São Paulo"
"Consumidor";"São Paulo"
"Consumidor";"São Paulo"
"Consumidor";"São Paulo"
"Consumidor";"São Paulo"
"Consumidor";"São Paulo"
"Consumidor";"São Paulo"
"Consumidor";"São Paulo"
"Consumidor";"São Paulo"
"Consumidor";"São Paulo"
"Consumidor";"São Paulo"
"Consumidor";"São Paulo"
"Consumidor";"São Paulo"
"Consumidor";"São Paulo"
"Consumidor";"São Paulo"
"Consumidor";"São Paulo"
"Consumidor";"São Paulo"
"Consumidor";"São Paulo"
"Consumidor";"São Paulo"
"Consumidor";"São Paulo"
"Consumidor";"São Paulo"
"Consumidor";"São Paulo"
"Consumidor";"São Paulo"
"Consumidor";"São Paulo"
"Consumidor";"São Paulo"
"Consumidor";"São Paulo"
"Consumidor";"São Paulo"
"Consumidor";"São Paulo"
"Consumidor";"São Paulo"
"Consumidor";"São Paulo"
"Consumidor";"São Paulo"
"Consumidor";"São Paulo"
"Consumidor";"São Paulo"
"Consumidor";"São Paulo"
"Consumidor";"São Paulo"
"Consumidor";"São Paulo"
"Consumidor";"São Paulo"
"Consumidor";"São Paulo"
"Consumidor";"São Paulo"
"Consumidor";"São Paulo"
"Consumidor";"São Paulo"
"Consumidor";"São Paulo"
"Consumidor";"São Paulo"
"Consumidor";"São Paulo"
"Consumidor";"São Paulo"
"Consumidor";"São Paulo"
"Consumidor";"São Paulo"
"Consumidor";"São Paulo"
"Consumidor";"São Paulo"
"Consumidor";"São Paulo"
"Consumidor";"São Paulo"
"Consumidor";"São Paulo"
"Consumidor";"São Paulo"
"Consumidor";"São Paulo"
"Consumidor";"São Paulo"
"Consumidor";"São Paulo"
"Consumidor";"São Paulo"
"Consumidor";"São Paulo"
"Consumidor";"São Paulo"
"Consumidor";"São Paulo"
"Consumidor";"São Paulo"
"Consumidor";"São Paulo"
"Consumidor";"São Paulo"
"Consumidor";"São Paulo"
"Consumidor";"São Paulo"
"Consumidor";"São Paulo"
"Consumidor";"São Paulo"
"Consumidor";"São Paulo"
"Consumidor";"São Paulo"
"Consumidor";"São Paulo"
"Consumidor";"São Paulo"
"Consumidor";"São Paulo"
"Consumidor";"São Paulo"
"Consumidor";"São Paulo"
"Consumidor";"São Paulo"
"Consumidor";"São Paulo"
"Consumidor";"São Paulo"
"Consumidor";"São Paulo"
"Consumidor";"São Paulo"
"Consumidor";"São Paulo"
"Consumidor";"São Paulo"
"Consumidor";"São Paulo"
"Consumidor";"São Paulo"
"Consumidor";"São Paulo"
"Consumidor";"São Paulo"
"Consumidor";"São Paulo"
"Consumidor";"São Paulo"
"Consumidor";"São Paulo"
"Consumidor";"São Paulo"
"Consumidor";"São Paulo"
"Consumidor";"São Paulo"
"Consumidor";"São Paulo"
"Consumidor";"São Paulo"
"Consumidor";"São Paulo"
"Consumidor";"São Paulo"
"Consumidor";"São Paulo"
"Consumidor";"São Paulo"
"Consumidor";"São Paulo"
"Consumidor";"São Paulo"
"Consumidor";"São Paulo"
"Consumidor";"São Paulo"
"Consumidor";"São Paulo"
"Consumidor";"São Paulo"
"Consumidor";"São Paulo"
"Consumidor";"São Paulo"
"Consumidor";"São Paulo"
"Consumidor";"São Paulo"
"Consumidor";"São Paulo"
"Consumidor";"São Paulo"
"Consumidor";"São Paulo"
"Consumidor";"São Paulo"
"Consumidor";"São Paulo"
"Consumidor";"São Paulo"
"Consumidor";"São Paulo"
"Consumidor";"São Paulo"
"Consumidor";"São Paulo"
"Consumidor";"São Paulo"
"Consumidor";"São Paulo"
"Consumidor";"São Paulo"
"Consumidor";"São Paulo"
"Consumidor";"São Paulo"
"Consumidor";"São Paulo"
"Consumidor";"São Paulo"
"Consumidor";"São Paulo"
"Consumidor";"São Paulo"
"Consumidor";"São Paulo"
"Consumidor";"São Paulo"
"Consumidor";"São Paulo"
"Consumidor";"São Paulo"
"Consumidor";"São Paulo"
"Consumidor";"São Paulo"
"Consumidor";"São Paulo"
"Consumidor";"São Paulo"
"Consumidor";"Paraná"
"Consumidor";"Paraná"
"Consumidor";"Paraná"
"Consumidor";"Paraná"
"Consumidor";"Paraná"
"Consumidor";"Paraná"
"Consumidor";"Paraná"
"Consumidor";"Paraná"
"Consumidor";"Paraná"
"Consumidor";"Paraná"
"Consumidor";"Paraná"
"Consumidor";"Paraná"
"Consumidor";"Paraná"
"Consumidor";"Paraná"
"Consumidor";"Paraná"
"Consumidor";"Paraná"
"Consumidor";"Paraná"
"Consumidor";"Paraná"
"Consumidor";"Paraná"
"Consumidor";"Paraná"
"Consumidor";"Paraná"
"Consumidor";"Paraná"
"Consumidor";"Paraná"
"Consumidor";"Paraná"
"Consumidor";"Paraná"
"Consumidor";"Paraná"
"Consumidor";"Paraná"
"Consumidor";"Paraná"
"Consumidor";"Paraná"
"Consumidor";"Paraná"
"Consumidor";"Paraná"
"Consumidor";"Paraná"
"Consumidor";"Paraná"
"Consumidor";"Paraná"
"Consumidor";"Paraná"
"Consumidor";"Paraná"
"Consumidor";"Paraná"
"Consumidor";"Paraná"
"Consumidor";"Paraná"
"Consumidor";"Paraná"
"Consumidor";"Paraná"
"Consumidor";"Paraná"
"Consumidor";"Paraná"
"Consumidor";"Paraná"
"Consumidor";"Paraná"
"Consumidor";"Paraná"
"Consumidor";"Paraná"
"Consumidor";"Paraná"
"Consumidor";"Paraná"
"Consumidor";"Paraná"
"Consumidor";"Paraná"
"Consumidor";"Rio G. do Sul"
"Consumidor";"Rio G. do Sul"
"Consumidor";"Rio G. do Sul"
"Consumidor";"Rio G. do Sul"
"Consumidor";"Rio G. do Sul"
"Consumidor";"Rio G. do Sul"
"Consumidor";"Rio G. do Sul"
"Consumidor";"Rio G. do Sul"
"Consumidor";"Rio G. do Sul"
"Consumidor";"Rio G. do Sul"
"Consumidor";"Rio G. do Sul"
"Consumidor";"Rio G. do Sul"
"Consumidor";"Rio G. do Sul"
"Consumidor";"Rio G. do Sul"
"Consumidor";"Rio G. do Sul"
"Consumidor";"Rio G. do Sul"
"Consumidor";"Rio G. do Sul"
"Consumidor";"Rio G. do Sul"
"Consumidor";"Rio G. do Sul"
"Consumidor";"Rio G. do Sul"
"Consumidor";"Rio G. do Sul"
"Consumidor";"Rio G. do Sul"
"Consumidor";"Rio G. do Sul"
"Consumidor";"Rio G. do Sul"
"Consumidor";"Rio G. do Sul"
"Consumidor";"Rio G. do Sul"
"Consumidor";"Rio G. do Sul"
"Consumidor";"Rio G. do Sul"
"Consumidor";"Rio G. do Sul"
"Consumidor";"Rio G. do Sul"
"Consumidor";"Rio G. do Sul"
"Consumidor";"Rio G. do Sul"
"Consumidor";"Rio G. do Sul"
"Consumidor";"Rio G. do Sul"
"Consumidor";"Rio G. do Sul"
"Consumidor";"Rio G. do Sul"
"Consumidor";"Rio G. do Sul"
"Consumidor";"Rio G. do Sul"
"Consumidor";"Rio G. do Sul"
"Consumidor";"Rio G. do Sul"
"Consumidor";"Rio G. do Sul"
"Consumidor";"Rio G. do Sul"
"Consumidor";"Rio G. do Sul"
"Consumidor";"Rio G. do Sul"
"Consumidor";"Rio G. do Sul"
"Consumidor";"Rio G. do Sul"
"Consumidor";"Rio G. do Sul"
"Consumidor";"Rio G. do Sul"
"Consumidor";"Rio G. do Sul"
"Consumidor";"Rio G. do Sul"
"Consumidor";"Rio G. do Sul"
"Consumidor";"Rio G. do Sul"
"Consumidor";"Rio G. do Sul"
"Consumidor";"Rio G. do Sul"
"Consumidor";"Rio G. do Sul"
"Consumidor";"Rio G. do Sul"
"Consumidor";"Rio G. do Sul"
"Consumidor";"Rio G. do Sul"
"Consumidor";"Rio G. do Sul"
"Consumidor";"Rio G. do Sul"
"Consumidor";"Rio G. do Sul"
"Consumidor";"Rio G. do Sul"
"Consumidor";"Rio G. do Sul"
"Consumidor";"Rio G. do Sul"
"Consumidor";"Rio G. do Sul"
"Consumidor";"Rio G. do Sul"
"Consumidor";"Rio G. do Sul"
"Consumidor";"Rio G. do Sul"
"Consumidor";"Rio G. do Sul"
"Consumidor";"Rio G. do Sul"
"Consumidor";"Rio G. do Sul"
"Consumidor";"Rio G. do Sul"
"Consumidor";"Rio G. do Sul"
"Consumidor";"Rio G. do Sul"
"Consumidor";"Rio G. do Sul"
"Consumidor";"Rio G. do Sul"
"Consumidor";"Rio G. do Sul"
"Consumidor";"Rio G. do Sul"
"Consumidor";"Rio G. do Sul"
"Consumidor";"Rio G. do Sul"
"Consumidor";"Rio G. do Sul"
"Consumidor";"Rio G. do Sul"
"Consumidor";"Rio G. do Sul"
"Consumidor";"Rio G. do Sul"
"Consumidor";"Rio G. do Sul"
"Consumidor";"Rio G. do Sul"
"Consumidor";"Rio G. do Sul"
"Consumidor";"Rio G. do Sul"
"Consumidor";"Rio G. do Sul"
"Consumidor";"Rio G. do Sul"
"Consumidor";"Rio G. do Sul"
"Consumidor";"Rio G. do Sul"
"Consumidor";"Rio G. do Sul"
"Consumidor";"Rio G. do Sul"
"Consumidor";"Rio G. do Sul"
"Consumidor";"Rio G. do Sul"
"Consumidor";"Rio G. do Sul"
"Consumidor";"Rio G. do Sul"
"Consumidor";"Rio G. do Sul"
"Consumidor";"Rio G. do Sul"
"Consumidor";"Rio G. do Sul"
"Consumidor";"Rio G. do Sul"
"Consumidor";"Rio G. do Sul"
"Consumidor";"Rio G. do Sul"
"Consumidor";"Rio G. do Sul"
"Consumidor";"Rio G. do Sul"
"Consumidor";"Rio G. do Sul"
"Consumidor";"Rio G. do Sul"
"Consumidor";"Rio G. do Sul"
"Consumidor";"Rio G. do Sul"
"Consumidor";"Rio G. do Sul"
"Produtor";"São Paulo"
"Produtor";"São Paulo"
"Produtor";"São Paulo"
"Produtor";"São Paulo"
"Produtor";"São Paulo"
"Produtor";"São Paulo"
"Produtor";"São Paulo"
"Produtor";"São Paulo"
"Produtor";"São Paulo"
"Produtor";"São Paulo"
"Produtor";"São Paulo"
"Produtor";"São Paulo"
"Produtor";"São Paulo"
"Produtor";"São Paulo"
"Produtor";"São Paulo"
"Produtor";"São Paulo"
"Produtor";"São Paulo"
"Produtor";"São Paulo"
"Produtor";"São Paulo"
"Produtor";"São Paulo"
"Produtor";"São Paulo"
"Produtor";"São Paulo"
"Produtor";"São Paulo"
"Produtor";"São Paulo"
"Produtor";"São Paulo"
"Produtor";"São Paulo"
"Produtor";"São Paulo"
"Produtor";"São Paulo"
"Produtor";"São Paulo"
"Produtor";"São Paulo"
"Produtor";"São Paulo"
"Produtor";"São Paulo"
"Produtor";"São Paulo"
"Produtor";"São Paulo"
"Produtor";"São Paulo"
"Produtor";"São Paulo"
"Produtor";"São Paulo"
"Produtor";"São Paulo"
"Produtor";"São Paulo"
"Produtor";"São Paulo"
"Produtor";"São Paulo"
"Produtor";"São Paulo"
"Produtor";"São Paulo"
"Produtor";"São Paulo"
"Produtor";"São Paulo"
"Produtor";"São Paulo"
"Produtor";"São Paulo"
"Produtor";"São Paulo"
"Produtor";"São Paulo"
"Produtor";"São Paulo"
"Produtor";"São Paulo"
"Produtor";"São Paulo"
"Produtor";"São Paulo"
"Produtor";"São Paulo"
"Produtor";"São Paulo"
"Produtor";"São Paulo"
"Produtor";"São Paulo"
"Produtor";"São Paulo"
"Produtor";"São Paulo"
"Produtor";"São Paulo"
"Produtor";"São Paulo"
"Produtor";"São Paulo"
"Produtor";"São Paulo"
"Produtor";"São Paulo"
"Produtor";"São Paulo"
"Produtor";"São Paulo"
"Produtor";"São Paulo"
"Produtor";"São Paulo"
"Produtor";"São Paulo"
"Produtor";"São Paulo"
"Produtor";"São Paulo"
"Produtor";"São Paulo"
"Produtor";"São Paulo"
"Produtor";"São Paulo"
"Produtor";"São Paulo"
"Produtor";"São Paulo"
"Produtor";"São Paulo"
"Produtor";"São Paulo"
"Produtor";"São Paulo"
"Produtor";"São Paulo"
"Produtor";"São Paulo"
"Produtor";"São Paulo"
"Produtor";"São Paulo"
"Produtor";"São Paulo"
"Produtor";"São Paulo"
"Produtor";"São Paulo"
"Produtor";"São Paulo"
"Produtor";"São Paulo"
"Produtor";"São Paulo"
"Produtor";"São Paulo"
"Produtor";"São Paulo"
"Produtor";"São Paulo"
"Produtor";"São Paulo"
"Produtor";"São Paulo"
"Produtor";"São Paulo"
"Produtor";"São Paulo"
"Produtor";"São Paulo"
"Produtor";"São Paulo"
"Produtor";"São Paulo"
"Produtor";"São Paulo"
"Produtor";"São Paulo"
"Produtor";"São Paulo"
"Produtor";"São Paulo"
"Produtor";"São Paulo"
"Produtor";"São Paulo"
"Produtor";"São Paulo"
"Produtor";"São Paulo"
"Produtor";"São Paulo"
"Produtor";"São Paulo"
"Produtor";"São Paulo"
"Produtor";"São Paulo"
"Produtor";"São Paulo"
"Produtor";"São Paulo"
"Produtor";"São Paulo"
"Produtor";"São Paulo"
"Produtor";"São Paulo"
"Produtor";"São Paulo"
"Produtor";"São Paulo"
"Produtor";"São Paulo"
"Produtor";"São Paulo"
"Produtor";"São Paulo"
"Produtor";"São Paulo"
"Produtor";"São Paulo"
"Produtor";"São Paulo"
"Produtor";"São Paulo"
"Produtor";"São Paulo"
"Produtor";"São Paulo"
"Produtor";"São Paulo"
"Produtor";"São Paulo"
"Produtor";"São Paulo"
"Produtor";"São Paulo"
"Produtor";"São Paulo"
"Produtor";"São Paulo"
"Produtor";"São Paulo"
"Produtor";"São Paulo"
"Produtor";"São Paulo"
"Produtor";"São Paulo"
"Produtor";"São Paulo"
"Produtor";"São Paulo"
"Produtor";"São Paulo"
"Produtor";"São Paulo"
"Produtor";"São Paulo"
"Produtor";"São Paulo"
"Produtor";"São Paulo"
"Produtor";"São Paulo"
"Produtor";"São Paulo"
"Produtor";"São Paulo"
"Produtor";"São Paulo"
"Produtor";"São Paulo"
"Produtor";"São Paulo"
"Produtor";"São Paulo"
"Produtor";"São Paulo"
"Produtor";"São Paulo"
"Produtor";"São Paulo"
"Produtor";"São Paulo"
"Produtor";"São Paulo"
"Produtor";"São Paulo"
"Produtor";"São Paulo"
"Produtor";"São Paulo"
"Produtor";"São Paulo"
"Produtor";"São Paulo"
"Produtor";"São Paulo"
"Produtor";"São Paulo"
"Produtor";"São Paulo"
"Produtor";"São Paulo"
"Produtor";"São Paulo"
"Produtor";"São Paulo"
"Produtor";"São Paulo"
"Produtor";"São Paulo"
"Produtor";"São Paulo"
"Produtor";"São Paulo"
"Produtor";"São Paulo"
"Produtor";"São Paulo"
"Produtor";"São Paulo"
"Produtor";"São Paulo"
"Produtor";"São Paulo"
"Produtor";"São Paulo"
"Produtor";"São Paulo"
"Produtor";"São Paulo"
"Produtor";"São Paulo"
"Produtor";"São Paulo"
"Produtor";"São Paulo"
"Produtor";"São Paulo"
"Produtor";"São Paulo"
"Produtor";"São Paulo"
"Produtor";"São Paulo"
"Produtor";"São Paulo"
"Produtor";"São Paulo"
"Produtor";"São Paulo"
"Produtor";"São Paulo"
"Produtor";"São Paulo"
"Produtor";"São Paulo"
"Produtor";"São Paulo"
"Produtor";"São Paulo"
"Produtor";"São Paulo"
"Produtor";"São Paulo"
"Produtor";"São Paulo"
"Produtor";"São Paulo"
"Produtor";"São Paulo"
"Produtor";"São Paulo"
"Produtor";"São Paulo"
"Produtor";"São Paulo"
"Produtor";"São Paulo"
"Produtor";"São Paulo"
"Produtor";"São Paulo"
"Produtor";"São Paulo"
"Produtor";"São Paulo"
"Produtor";"São Paulo"
"Produtor";"São Paulo"
"Produtor";"São Paulo"
"Produtor";"São Paulo"
"Produtor";"São Paulo"
"Produtor";"São Paulo"
"Produtor";"São Paulo"
"Produtor";"São Paulo"
"Produtor";"São Paulo"
"Produtor";"São Paulo"
"Produtor";"São Paulo"
"Produtor";"São Paulo"
"Produtor";"São Paulo"
"Produtor";"São Paulo"
"Produtor";"São Paulo"
"Produtor";"São Paulo"
"Produtor";"São Paulo"
"Produtor";"São Paulo"
"Produtor";"São Paulo"
"Produtor";"São Paulo"
"Produtor";"São Paulo"
"Produtor";"São Paulo"
"Produtor";"São Paulo"
"Produtor";"São Paulo"
"Produtor";"São Paulo"
"Produtor";"São Paulo"
"Produtor";"São Paulo"
"Produtor";"São Paulo"
"Produtor";"São Paulo"
"Produtor";"São Paulo"
"Produtor";"Paraná"
"Produtor";"Paraná"
"Produtor";"Paraná"
"Produtor";"Paraná"
"Produtor";"Paraná"
"Produtor";"Paraná"
"Produtor";"Paraná"
"Produtor";"Paraná"
"Produtor";"Paraná"
"Produtor";"Paraná"
"Produtor";"Paraná"
"Produtor";"Paraná"
"Produtor";"Paraná"
"Produtor";"Paraná"
"Produtor";"Paraná"
"Produtor";"Paraná"
"Produtor";"Paraná"
"Produtor";"Paraná"
"Produtor";"Paraná"
"Produtor";"Paraná"
"Produtor";"Paraná"
"Produtor";"Paraná"
"Produtor";"Paraná"
"Produtor";"Paraná"
"Produtor";"Paraná"
"Produtor";"Paraná"
"Produtor";"Paraná"
"Produtor";"Paraná"
"Produtor";"Paraná"
"Produtor";"Paraná"
"Produtor";"Paraná"
"Produtor";"Paraná"
"Produtor";"Paraná"
"Produtor";"Paraná"
"Produtor";"Paraná"
"Produtor";"Paraná"
"Produtor";"Paraná"
"Produtor";"Paraná"
"Produtor";"Paraná"
"Produtor";"Paraná"
"Produtor";"Paraná"
"Produtor";"Paraná"
"Produtor";"Paraná"
"Produtor";"Paraná"
"Produtor";"Paraná"
"Produtor";"Paraná"
"Produtor";"Paraná"
"Produtor";"Paraná"
"Produtor";"Paraná"
"Produtor";"Paraná"
"Produtor";"Paraná"
"Produtor";"Paraná"
"Produtor";"Paraná"
"Produtor";"Paraná"
"Produtor";"Paraná"
"Produtor";"Paraná"
"Produtor";"Paraná"
"Produtor";"Paraná"
"Produtor";"Paraná"
"Produtor";"Paraná"
"Produtor";"Paraná"
"Produtor";"Paraná"
"Produtor";"Paraná"
"Produtor";"Paraná"
"Produtor";"Paraná"
"Produtor";"Paraná"
"Produtor";"Paraná"
"Produtor";"Paraná"
"Produtor";"Paraná"
"Produtor";"Paraná"
"Produtor";"Paraná"
"Produtor";"Paraná"
"Produtor";"Paraná"
"Produtor";"Paraná"
"Produtor";"Paraná"
"Produtor";"Paraná"
"Produtor";"Paraná"
"Produtor";"Paraná"
"Produtor";"Paraná"
"Produtor";"Paraná"
"Produtor";"Paraná"
"Produtor";"Paraná"
"Produtor";"Paraná"
"Produtor";"Paraná"
"Produtor";"Paraná"
"Produtor";"Paraná"
"Produtor";"Paraná"
"Produtor";"Paraná"
"Produtor";"Paraná"
"Produtor";"Paraná"
"Produtor";"Paraná"
"Produtor";"Paraná"
"Produtor";"Paraná"
"Produtor";"Paraná"
"Produtor";"Paraná"
"Produtor";"Paraná"
"Produtor";"Paraná"
"Produtor";"Paraná"
"Produtor";"Paraná"
"Produtor";"Paraná"
"Produtor";"Paraná"
"Produtor";"Paraná"
"Produtor";"Rio G. do Sul"
"Produtor";"Rio G. do Sul"
"Produtor";"Rio G. do Sul"
"Produtor";"Rio G. do Sul"
"Produtor";"Rio G. do Sul"
"Produtor";"Rio G. do Sul"
"Produtor";"Rio G. do Sul"
"Produtor";"Rio G. do Sul"
"Produtor";"Rio G. do Sul"
"Produtor";"Rio G. do Sul"
"Produtor";"Rio G. do Sul"
"Produtor";"Rio G. do Sul"
"Produtor";"Rio G. do Sul"
"Produtor";"Rio G. do Sul"
"Produtor";"Rio G. do Sul"
"Produtor";"Rio G. do Sul"
"Produtor";"Rio G. do Sul"
"Produtor";"Rio G. do Sul"
"Produtor";"Rio G. do Sul"
"Produtor";"Rio G. do Sul"
"Produtor";"Rio G. do Sul"
"Produtor";"Rio G. do Sul"
"Produtor";"Rio G. do Sul"
"Produtor";"Rio G. do Sul"
"Produtor";"Rio G. do Sul"
"Produtor";"Rio G. do Sul"
"Produtor";"Rio G. do Sul"
"Produtor";"Rio G. do Sul"
"Produtor";"Rio G. do Sul"
"Produtor";"Rio G. do Sul"
"Produtor";"Rio G. do Sul"
"Produtor";"Rio G. do Sul"
"Produtor";"Rio G. do Sul"
"Produtor";"Rio G. do Sul"
"Produtor";"Rio G. do Sul"
"Produtor";"Rio G. do Sul"
"Produtor";"Rio G. do Sul"
"Produtor";"Rio G. do Sul"
"Produtor";"Rio G. do Sul"
"Produtor";"Rio G. do Sul"
"Produtor";"Rio G. do Sul"
"Produtor";"Rio G. do Sul"
"Produtor";"Rio G. do Sul"
"Produtor";"Rio G. do Sul"
"Produtor";"Rio G. do Sul"
"Produtor";"Rio G. do Sul"
"Produtor";"Rio G. do Sul"
"Produtor";"Rio G. do Sul"
"Produtor";"Rio G. do Sul"
"Produtor";"Rio G. do Sul"
"Produtor";"Rio G. do Sul"
"Produtor";"Rio G. do Sul"
"Produtor";"Rio G. do Sul"
"Produtor";"Rio G. do Sul"
"Produtor";"Rio G. do Sul"
"Produtor";"Rio G. do Sul"
"Produtor";"Rio G. do Sul"
"Produtor";"Rio G. do Sul"
"Produtor";"Rio G. do Sul"
"Produtor";"Rio G. do Sul"
"Produtor";"Rio G. do Sul"
"Produtor";"Rio G. do Sul"
"Produtor";"Rio G. do Sul"
"Produtor";"Rio G. do Sul"
"Produtor";"Rio G. do Sul"
"Produtor";"Rio G. do Sul"
"Produtor";"Rio G. do Sul"
"Produtor";"Rio G. do Sul"
"Produtor";"Rio G. do Sul"
"Produtor";"Rio G. do Sul"
"Produtor";"Rio G. do Sul"
"Produtor";"Rio G. do Sul"
"Produtor";"Rio G. do Sul"
"Produtor";"Rio G. do Sul"
"Produtor";"Rio G. do Sul"
"Produtor";"Rio G. do Sul"
"Produtor";"Rio G. do Sul"
"Produtor";"Rio G. do Sul"
"Produtor";"Rio G. do Sul"
"Produtor";"Rio G. do Sul"
"Produtor";"Rio G. do Sul"
"Produtor";"Rio G. do Sul"
"Produtor";"Rio G. do Sul"
"Produtor";"Rio G. do Sul"
"Produtor";"Rio G. do Sul"
"Produtor";"Rio G. do Sul"
"Produtor";"Rio G. do Sul"
"Produtor";"Rio G. do Sul"
"Produtor";"Rio G. do Sul"
"Produtor";"Rio G. do Sul"
"Produtor";"Rio G. do Sul"
"Produtor";"Rio G. do Sul"
"Produtor";"Rio G. do Sul"
"Produtor";"Rio G. do Sul"
"Produtor";"Rio G. do Sul"
"Produtor";"Rio G. do Sul"
"Produtor";"Rio G. do Sul"
"Produtor";"Rio G. do Sul"
"Produtor";"Rio G. do Sul"
"Produtor";"Rio G. do Sul"
"Produtor";"Rio G. do Sul"
"Produtor";"Rio G. do Sul"
"Produtor";"Rio G. do Sul"
"Produtor";"Rio G. do Sul"
"Produtor";"Rio G. do Sul"
"Produtor";"Rio G. do Sul"
"Produtor";"Rio G. do Sul"
"Produtor";"Rio G. do Sul"
"Produtor";"Rio G. do Sul"
"Produtor";"Rio G. do Sul"
"Produtor";"Rio G. do Sul"
"Produtor";"Rio G. do Sul"
"Produtor";"Rio G. do Sul"
"Produtor";"Rio G. do Sul"
"Produtor";"Rio G. do Sul"
"Produtor";"Rio G. do Sul"
"Produtor";"Rio G. do Sul"
"Produtor";"Rio G. do Sul"
"Produtor";"Rio G. do Sul"
"Produtor";"Rio G. do Sul"
"Produtor";"Rio G. do Sul"
"Produtor";"Rio G. do Sul"
"Produtor";"Rio G. do Sul"
"Produtor";"Rio G. do Sul"
"Produtor";"Rio G. do Sul"
"Produtor";"Rio G. do Sul"
"Produtor";"Rio G. do Sul"
"Produtor";"Rio G. do Sul"
"Produtor";"Rio G. do Sul"
"Produtor";"Rio G. do Sul"
"Produtor";"Rio G. do Sul"
"Produtor";"Rio G. do Sul"
"Produtor";"Rio G. do Sul"
"Produtor";"Rio G. do Sul"
"Produtor";"Rio G. do Sul"
"Produtor";"Rio G. do Sul"
"Produtor";"Rio G. do Sul"
"Produtor";"Rio G. do Sul"
"Produtor";"Rio G. do Sul"
"Produtor";"Rio G. do Sul"
"Produtor";"Rio G. do Sul"
"Produtor";"Rio G. do Sul"
"Produtor";"Rio G. do Sul"
"Produtor";"Rio G. do Sul"
"Produtor";"Rio G. do Sul"
"Produtor";"Rio G. do Sul"
"Produtor";"Rio G. do Sul"
"Produtor";"Rio G. do Sul"
"Produtor";"Rio G. do Sul"
"Produtor";"Rio G. do Sul"
"Produtor";"Rio G. do Sul"
"Produtor";"Rio G. do Sul"
"Produtor";"Rio G. do Sul"
"Produtor";"Rio G. do Sul"
"Produtor";"Rio G. do Sul"
"Produtor";"Rio G. do Sul"
"Produtor";"Rio G. do Sul"
"Produtor";"Rio G. do Sul"
"Produtor";"Rio G. do Sul"
"Produtor";"Rio G. do Sul"
"Produtor";"Rio G. do Sul"
"Produtor";"Rio G. do Sul"
"Produtor";"Rio G. do Sul"
"Produtor";"Rio G. do Sul"
"Produtor";"Rio G. do Sul"
"Produtor";"Rio G. do Sul"
"Produtor";"Rio G. do Sul"
"Produtor";"Rio G. do Sul"
"Produtor";"Rio G. do Sul"
"Produtor";"Rio G. do Sul"
"Produtor";"Rio G. do Sul"
"Produtor";"Rio G. do Sul"
"Produtor";"Rio G. do Sul"
"Produtor";"Rio G. do Sul"
"Produtor";"Rio G. do Sul"
"Produtor";"Rio G. do Sul"
"Produtor";"Rio G. do Sul"
"Produtor";"Rio G. do Sul"
"Produtor";"Rio G. do Sul"
"Produtor";"Rio G. do Sul"
"Produtor";"Rio G. do Sul"
"Produtor";"Rio G. do Sul"
"Produtor";"Rio G. do Sul"
"Produtor";"Rio G. do Sul"
"Produtor";"Rio G. do Sul"
"Produtor";"Rio G. do Sul"
"Produtor";"Rio G. do Sul"
"Produtor";"Rio G. do Sul"
"Produtor";"Rio G. do Sul"
"Produtor";"Rio G. do Sul"
"Produtor";"Rio G. do Sul"
"Produtor";"Rio G. do Sul"
"Produtor";"Rio G. do Sul"
"Produtor";"Rio G. do Sul"
"Produtor";"Rio G. do Sul"
"Produtor";"Rio G. do Sul"
"Produtor";"Rio G. do Sul"
"Produtor";"Rio G. do Sul"
"Produtor";"Rio G. do Sul"
"Produtor";"Rio G. do Sul"
"Produtor";"Rio G. do Sul"
"Produtor";"Rio G. do Sul"
"Produtor";"Rio G. do Sul"
"Produtor";"Rio G. do Sul"
"Produtor";"Rio G. do Sul"
"Produtor";"Rio G. do Sul"
"Produtor";"Rio G. do Sul"
"Produtor";"Rio G. do Sul"
"Produtor";"Rio G. do Sul"
"Produtor";"Rio G. do Sul"
"Produtor";"Rio G. do Sul"
"Produtor";"Rio G. do Sul"
"Produtor";"Rio G. do Sul"
"Produtor";"Rio G. do Sul"
"Produtor";"Rio G. do Sul"
"Produtor";"Rio G. do Sul"
"Produtor";"Rio G. do Sul"
"Produtor";"Rio G. do Sul"
"Produtor";"Rio G. do Sul"
"Produtor";"Rio G. do Sul"
"Produtor";"Rio G. do Sul"
"Produtor";"Rio G. do Sul"
"Produtor";"Rio G. do Sul"
"Produtor";"Rio G. do Sul"
"Produtor";"Rio G. do Sul"
"Produtor";"Rio G. do Sul"
"Produtor";"Rio G. do Sul"
"Produtor";"Rio G. do Sul"
"Produtor";"Rio G. do Sul"
"Produtor";"Rio G. do Sul"
"Produtor";"Rio G. do Sul"
"Produtor";"Rio G. do Sul"
"Produtor";"Rio G. do Sul"
"Produtor";"Rio G. do Sul"
"Produtor";"Rio G. do Sul"
"Produtor";"Rio G. do Sul"
"Produtor";"Rio G. do Sul"
"Produtor";"Rio G. do Sul"
"Produtor";"Rio G. do Sul"
"Produtor";"Rio G. do Sul"
"Produtor";"Rio G. do Sul"
"Produtor";"Rio G. do Sul"
"Produtor";"Rio G. do Sul"
"Produtor";"Rio G. do Sul"
"Produtor";"Rio G. do Sul"
"Produtor";"Rio G. do Sul"
"Produtor";"Rio G. do Sul"
"Produtor";"Rio G. do Sul"
"Produtor";"Rio G. do Sul"
"Produtor";"Rio G. do Sul"
"Produtor";"Rio G. do Sul"
"Produtor";"Rio G. do Sul"
"Produtor";"Rio G. do Sul"
"Produtor";"Rio G. do Sul"
"Produtor";"Rio G. do Sul"
"Produtor";"Rio G. do Sul"
"Produtor";"Rio G. do Sul"
"Produtor";"Rio G. do Sul"
"Produtor";"Rio G. do Sul"
"Produtor";"Rio G. do Sul"
"Produtor";"Rio G. do Sul"
"Produtor";"Rio G. do Sul"
"Produtor";"Rio G. do Sul"
"Produtor";"Rio G. do Sul"
"Produtor";"Rio G. do Sul"
"Produtor";"Rio G. do Sul"
"Produtor";"Rio G. do Sul"
"Produtor";"Rio G. do Sul"
"Produtor";"Rio G. do Sul"
"Produtor";"Rio G. do Sul"
"Produtor";"Rio G. do Sul"
"Produtor";"Rio G. do Sul"
"Produtor";"Rio G. do Sul"
"Produtor";"Rio G. do Sul"
"Produtor";"Rio G. do Sul"
"Produtor";"Rio G. do Sul"
"Produtor";"Rio G. do Sul"
"Produtor";"Rio G. do Sul"
"Produtor";"Rio G. do Sul"
"Produtor";"Rio G. do Sul"
"Produtor";"Rio G. do Sul"
"Produtor";"Rio G. do Sul"
"Produtor";"Rio G. do Sul"
"Produtor";"Rio G. do Sul"
"Produtor";"Rio G. do Sul"
"Produtor";"Rio G. do Sul"
"Produtor";"Rio G. do Sul"
"Produtor";"Rio G. do Sul"
"Produtor";"Rio G. do Sul"
"Produtor";"Rio G. do Sul"
"Produtor";"Rio G. do Sul"
"Produtor";"Rio G. do Sul"
"Produtor";"Rio G. do Sul"
"Produtor";"Rio G. do Sul"
"Produtor";"Rio G. do Sul"
"Produtor";"Rio G. do Sul"
"Produtor";"Rio G. do Sul"
"Produtor";"Rio G. do Sul"
"Produtor";"Rio G. do Sul"
"Produtor";"Rio G. do Sul"
"Produtor";"Rio G. do Sul"
"Produtor";"Rio G. do Sul"
"Produtor";"Rio G. do Sul"
"Produtor";"Rio G. do Sul"
"Escola";"São Paulo"
"Escola";"São Paulo"
"Escola";"São Paulo"
"Escola";"São Paulo"
"Escola";"São Paulo"
"Escola";"São Paulo"
"Escola";"São Paulo"
"Escola";"São Paulo"
"Escola";"São Paulo"
"Escola";"São Paulo"
"Escola";"São Paulo"
"Escola";"São Paulo"
"Escola";"São Paulo"
"Escola";"São Paulo"
"Escola";"São Paulo"
"Escola";"São Paulo"
"Escola";"São Paulo"
"Escola";"São Paulo"
"Escola";"São Paulo"
"Escola";"São Paulo"
"Escola";"São Paulo"
"Escola";"São Paulo"
"Escola";"São Paulo"
"Escola";"São Paulo"
"Escola";"São Paulo"
"Escola";"São Paulo"
"Escola";"São Paulo"
"Escola";"São Paulo"
"Escola";"São Paulo"
"Escola";"São Paulo"
"Escola";"São Paulo"
"Escola";"São Paulo"
"Escola";"São Paulo"
"Escola";"São Paulo"
"Escola";"São Paulo"
"Escola";"São Paulo"
"Escola";"São Paulo"
"Escola";"São Paulo"
"Escola";"São Paulo"
"Escola";"São Paulo"
"Escola";"São Paulo"
"Escola";"São Paulo"
"Escola";"São Paulo"
"Escola";"São Paulo"
"Escola";"São Paulo"
"Escola";"São Paulo"
"Escola";"São Paulo"
"Escola";"São Paulo"
"Escola";"São Paulo"
"Escola";"São Paulo"
"Escola";"São Paulo"
"Escola";"São Paulo"
"Escola";"São Paulo"
"Escola";"São Paulo"
"Escola";"São Paulo"
"Escola";"São Paulo"
"Escola";"São Paulo"
"Escola";"São Paulo"
"Escola";"São Paulo"
"Escola";"São Paulo"
"Escola";"São Paulo"
"Escola";"São Paulo"
"Escola";"São Paulo"
"Escola";"São Paulo"
"Escola";"São Paulo"
"Escola";"São Paulo"
"Escola";"São Paulo"
"Escola";"São Paulo"
"Escola";"São Paulo"
"Escola";"São Paulo"
"Escola";"São Paulo"
"Escola";"São Paulo"
"Escola";"São Paulo"
"Escola";"São Paulo"
"Escola";"São Paulo"
"Escola";"São Paulo"
"Escola";"São Paulo"
"Escola";"São Paulo"
"Escola";"Paraná"
"Escola";"Paraná"
"Escola";"Paraná"
"Escola";"Paraná"
"Escola";"Paraná"
"Escola";"Paraná"
"Escola";"Paraná"
"Escola";"Paraná"
"Escola";"Paraná"
"Escola";"Paraná"
"Escola";"Paraná"
"Escola";"Paraná"
"Escola";"Paraná"
"Escola";"Paraná"
"Escola";"Paraná"
"Escola";"Paraná"
"Escola";"Paraná"
"Escola";"Paraná"
"Escola";"Paraná"
"Escola";"Paraná"
"Escola";"Paraná"
"Escola";"Paraná"
"Escola";"Paraná"
"Escola";"Paraná"
"Escola";"Paraná"
"Escola";"Paraná"
"Escola";"Paraná"
"Escola";"Paraná"
"Escola";"Paraná"
"Escola";"Paraná"
"Escola";"Paraná"
"Escola";"Paraná"
"Escola";"Paraná"
"Escola";"Paraná"
"Escola";"Paraná"
"Escola";"Paraná"
"Escola";"Paraná"
"Escola";"Paraná"
"Escola";"Paraná"
"Escola";"Paraná"
"Escola";"Paraná"
"Escola";"Paraná"
"Escola";"Paraná"
"Escola";"Paraná"
"Escola";"Paraná"
"Escola";"Paraná"
"Escola";"Paraná"
"Escola";"Paraná"
"Escola";"Paraná"
"Escola";"Paraná"
"Escola";"Paraná"
"Escola";"Paraná"
"Escola";"Paraná"
"Escola";"Paraná"
"Escola";"Paraná"
"Escola";"Paraná"
"Escola";"Paraná"
"Escola";"Paraná"
"Escola";"Paraná"
"Escola";"Paraná"
"Escola";"Paraná"
"Escola";"Paraná"
"Escola";"Paraná"
"Escola";"Paraná"
"Escola";"Paraná"
"Escola";"Paraná"
"Escola";"Paraná"
"Escola";"Paraná"
"Escola";"Paraná"
"Escola";"Paraná"
"Escola";"Paraná"
"Escola";"Paraná"
"Escola";"Paraná"
"Escola";"Paraná"
"Escola";"Paraná"
"Escola";"Paraná"
"Escola";"Paraná"
"Escola";"Paraná"
"Escola";"Paraná"
"Escola";"Paraná"
"Escola";"Paraná"
"Escola";"Paraná"
"Escola";"Paraná"
"Escola";"Paraná"
"Escola";"Paraná"
"Escola";"Paraná"
"Escola";"Paraná"
"Escola";"Paraná"
"Escola";"Paraná"
"Escola";"Paraná"
"Escola";"Paraná"
"Escola";"Paraná"
"Escola";"Paraná"
"Escola";"Paraná"
"Escola";"Paraná"
"Escola";"Paraná"
"Escola";"Paraná"
"Escola";"Paraná"
"Escola";"Paraná"
"Escola";"Paraná"
"Escola";"Paraná"
"Escola";"Paraná"
"Escola";"Paraná"
"Escola";"Paraná"
"Escola";"Paraná"
"Escola";"Paraná"
"Escola";"Paraná"
"Escola";"Paraná"
"Escola";"Paraná"
"Escola";"Paraná"
"Escola";"Paraná"
"Escola";"Paraná"
"Escola";"Paraná"
"Escola";"Paraná"
"Escola";"Paraná"
"Escola";"Paraná"
"Escola";"Paraná"
"Escola";"Paraná"
"Escola";"Paraná"
"Escola";"Paraná"
"Escola";"Paraná"
"Escola";"Paraná"
"Escola";"Paraná"
"Escola";"Paraná"
"Escola";"Paraná"
"Escola";"Paraná"
"Escola";"Rio G. do Sul"
"Escola";"Rio G. do Sul"
"Escola";"Rio G. do Sul"
"Escola";"Rio G. do Sul"
"Escola";"Rio G. do Sul"
"Escola";"Rio G. do Sul"
"Escola";"Rio G. do Sul"
"Escola";"Rio G. do Sul"
"Escola";"Rio G. do Sul"
"Escola";"Rio G. do Sul"
"Escola";"Rio G. do Sul"
"Escola";"Rio G. do Sul"
"Escola";"Rio G. do Sul"
"Escola";"Rio G. do Sul"
"Escola";"Rio G. do Sul"
"Escola";"Rio G. do Sul"
"Escola";"Rio G. do Sul"
"Escola";"Rio G. do Sul"
"Escola";"Rio G. do Sul"
"Escola";"Rio G. do Sul"
"Escola";"Rio G. do Sul"
"Escola";"Rio G. do Sul"
"Escola";"Rio G. do Sul"
"Escola";"Rio G. do Sul"
"Escola";"Rio G. do Sul"
"Escola";"Rio G. do Sul"
"Escola";"Rio G. do Sul"
"Escola";"Rio G. do Sul"
"Escola";"Rio G. do Sul"
"Escola";"Rio G. do Sul"
"Escola";"Rio G. do Sul"
"Escola";"Rio G. do Sul"
"Escola";"Rio G. do Sul"
"Escola";"Rio G. do Sul"
"Escola";"Rio G. do Sul"
"Escola";"Rio G. do Sul"
"Escola";"Rio G. do Sul"
"Escola";"Rio G. do Sul"
"Escola";"Rio G. do Sul"
"Escola";"Rio G. do Sul"
"Escola";"Rio G. do Sul"
"Escola";"Rio G. do Sul"
"Escola";"Rio G. do Sul"
"Escola";"Rio G. do Sul"
"Escola";"Rio G. do Sul"
"Escola";"Rio G. do Sul"
"Escola";"Rio G. do Sul"
"Escola";"Rio G. do Sul"
"Escola";"Rio G. do Sul"
"Escola";"Rio G. do Sul"
"Escola";"Rio G. do Sul"
"Escola";"Rio G. do Sul"
"Escola";"Rio G. do Sul"
"Escola";"Rio G. do Sul"
"Escola";"Rio G. do Sul"
"Escola";"Rio G. do Sul"
"Escola";"Rio G. do Sul"
"Escola";"Rio G. do Sul"
"Escola";"Rio G. do Sul"
"Escola";"Rio G. do Sul"
"Escola";"Rio G. do Sul"
"Escola";"Rio G. do Sul"
"Escola";"Rio G. do Sul"
"Escola";"Rio G. do Sul"
"Escola";"Rio G. do Sul"
"Escola";"Rio G. do Sul"
"Escola";"Rio G. do Sul"
"Escola";"Rio G. do Sul"
"Escola";"Rio G. do Sul"
"Escola";"Rio G. do Sul"
"Escola";"Rio G. do Sul"
"Escola";"Rio G. do Sul"
"Escola";"Rio G. do Sul"
"Escola";"Rio G. do Sul"
"Escola";"Rio G. do Sul"
"Escola";"Rio G. do Sul"
"Escola";"Rio G. do Sul"
"Escola";"Rio G. do Sul"
"Escola";"Rio G. do Sul"
"Escola";"Rio G. do Sul"
"Escola";"Rio G. do Sul"
"Escola";"Rio G. do Sul"
"Escola";"Rio G. do Sul"
"Escola";"Rio G. do Sul"
"Escola";"Rio G. do Sul"
"Escola";"Rio G. do Sul"
"Escola";"Rio G. do Sul"
"Escola";"Rio G. do Sul"
"Escola";"Rio G. do Sul"
"Escola";"Rio G. do Sul"
"Escola";"Rio G. do Sul"
"Escola";"Rio G. do Sul"
"Escola";"Rio G. do Sul"
"Escola";"Rio G. do Sul"
"Escola";"Rio G. do Sul"
"Escola";"Rio G. do Sul"
"Escola";"Rio G. do Sul"
"Escola";"Rio G. do Sul"
"Escola";"Rio G. do Sul"
"Escola";"Rio G. do Sul"
"Escola";"Rio G. do Sul"
"Escola";"Rio G. do Sul"
"Escola";"Rio G. do Sul"
"Escola";"Rio G. do Sul"
"Escola";"Rio G. do Sul"
"Escola";"Rio G. do Sul"
"Escola";"Rio G. do Sul"
"Escola";"Rio G. do Sul"
"Escola";"Rio G. do Sul"
"Escola";"Rio G. do Sul"
"Escola";"Rio G. do Sul"
"Escola";"Rio G. do Sul"
"Escola";"Rio G. do Sul"
"Escola";"Rio G. do Sul"
"Escola";"Rio G. do Sul"
"Escola";"Rio G. do Sul"
"Escola";"Rio G. do Sul"
"Escola";"Rio G. do Sul"
"Escola";"Rio G. do Sul"
"Escola";"Rio G. do Sul"
"Escola";"Rio G. do Sul"
"Escola";"Rio G. do Sul"
"Escola";"Rio G. do Sul"
"Escola";"Rio G. do Sul"
"Escola";"Rio G. do Sul"
"Escola";"Rio G. do Sul"
"Escola";"Rio G. do Sul"
"Escola";"Rio G. do Sul"
"Escola";"Rio G. do Sul"
"Escola";"Rio G. do Sul"
"Escola";"Rio G. do Sul"
"Escola";"Rio G. do Sul"
"Escola";"Rio G. do Sul"
"Escola";"Rio G. do Sul"
"Escola";"Rio G. do Sul"
"Escola";"Rio G. do Sul"
"Escola";"Rio G. do Sul"
"Escola";"Rio G. do Sul"
"Escola";"Rio G. do Sul"
"Outros";"São Paulo"
"Outros";"São Paulo"
"Outros";"São Paulo"
"Outros";"São Paulo"
"Outros";"São Paulo"
"Outros";"São Paulo"
"Outros";"São Paulo"
"Outros";"São Paulo"
"Outros";"São Paulo"
"Outros";"São Paulo"
"Outros";"São Paulo"
"Outros";"São Paulo"
"Outros";"São Paulo"
"Outros";"São Paulo"
"Outros";"São Paulo"
"Outros";"São Paulo"
"Outros";"São Paulo"
"Outros";"São Paulo"
"Outros";"São Paulo"
"Outros";"São Paulo"
"Outros";"São Paulo"
"Outros";"São Paulo"
"Outros";"São Paulo"
"Outros";"São Paulo"
"Outros";"São Paulo"
"Outros";"São Paulo"
"Outros";"São Paulo"
"Outros";"São Paulo"
"Outros";"São Paulo"
"Outros";"São Paulo"
"Outros";"São Paulo"
"Outros";"São Paulo"
"Outros";"São Paulo"
"Outros";"São Paulo"
"Outros";"São Paulo"
"Outros";"São Paulo"
"Outros";"São Paulo"
"Outros";"São Paulo"
"Outros";"São Paulo"
"Outros";"São Paulo"
"Outros";"São Paulo"
"Outros";"São Paulo"
"Outros";"São Paulo"
"Outros";"São Paulo"
"Outros";"São Paulo"
"Outros";"São Paulo"
"Outros";"São Paulo"
"Outros";"São Paulo"
"Outros";"São Paulo"
"Outros";"São Paulo"
"Outros";"São Paulo"
"Outros";"São Paulo"
"Outros";"São Paulo"
"Outros";"São Paulo"
"Outros";"São Paulo"
"Outros";"São Paulo"
"Outros";"São Paulo"
"Outros";"São Paulo"
"Outros";"São Paulo"
"Outros";"São Paulo"
"Outros";"São Paulo"
"Outros";"São Paulo"
"Outros";"São Paulo"
"Outros";"São Paulo"
"Outros";"São Paulo"
"Outros";"São Paulo"
"Outros";"São Paulo"
"Outros";"São Paulo"
"Outros";"São Paulo"
"Outros";"São Paulo"
"Outros";"São Paulo"
"Outros";"São Paulo"
"Outros";"São Paulo"
"Outros";"São Paulo"
"Outros";"São Paulo"
"Outros";"São Paulo"
"Outros";"São Paulo"
"Outros";"São Paulo"
"Outros";"São Paulo"
"Outros";"São Paulo"
"Outros";"São Paulo"
"Outros";"São Paulo"
"Outros";"São Paulo"
"Outros";"São Paulo"
"Outros";"São Paulo"
"Outros";"São Paulo"
"Outros";"São Paulo"
"Outros";"São Paulo"
"Outros";"São Paulo"
"Outros";"São Paulo"
"Outros";"São Paulo"
"Outros";"São Paulo"
"Outros";"São Paulo"
"Outros";"São Paulo"
"Outros";"São Paulo"
"Outros";"São Paulo"
"Outros";"São Paulo"
"Outros";"São Paulo"
"Outros";"São Paulo"
"Outros";"São Paulo"
"Outros";"São Paulo"
"Outros";"São Paulo"
"Outros";"São Paulo"
"Outros";"São Paulo"
"Outros";"São Paulo"
"Outros";"São Paulo"
"Outros";"São Paulo"
"Outros";"São Paulo"
"Outros";"São Paulo"
"Outros";"São Paulo"
"Outros";"São Paulo"
"Outros";"São Paulo"
"Outros";"São Paulo"
"Outros";"São Paulo"
"Outros";"São Paulo"
"Outros";"São Paulo"
"Outros";"São Paulo"
"Outros";"São Paulo"
"Outros";"São Paulo"
"Outros";"Paraná"
"Outros";"Paraná"
"Outros";"Paraná"
"Outros";"Paraná"
"Outros";"Paraná"
"Outros";"Paraná"
"Outros";"Paraná"
"Outros";"Paraná"
"Outros";"Paraná"
"Outros";"Paraná"
"Outros";"Paraná"
"Outros";"Paraná"
"Outros";"Paraná"
"Outros";"Paraná"
"Outros";"Paraná"
"Outros";"Paraná"
"Outros";"Paraná"
"Outros";"Paraná"
"Outros";"Paraná"
"Outros";"Paraná"
"Outros";"Paraná"
"Outros";"Paraná"
"Outros";"Rio G. do Sul"
"Outros";"Rio G. do Sul"
"Outros";"Rio G. do Sul"
"Outros";"Rio G. do Sul"
"Outros";"Rio G. do Sul"
"Outros";"Rio G. do Sul"
"Outros";"Rio G. do Sul"
"Outros";"Rio G. do Sul"
"Outros";"Rio G. do Sul"
"Outros";"Rio G. do Sul"
"Outros";"Rio G. do Sul"
"Outros";"Rio G. do Sul"
"Outros";"Rio G. do Sul"
"Outros";"Rio G. do Sul"
"Outros";"Rio G. do Sul"
"Outros";"Rio G. do Sul"
"Outros";"Rio G. do Sul"
"Outros";"Rio G. do Sul"
"Outros";"Rio G. do Sul"
"Outros";"Rio G. do Sul"
"Outros";"Rio G. do Sul"
"Outros";"Rio G. do Sul"
"Outros";"Rio G. do Sul"
"Outros";"Rio G. do Sul"
"Outros";"Rio G. do Sul"
"Outros";"Rio G. do Sul"
"Outros";"Rio G. do Sul"
"Outros";"Rio G. do Sul"
"Outros";"Rio G. do Sul"
"Outros";"Rio G. do Sul"
"Outros";"Rio G. do Sul"
"Outros";"Rio G. do Sul"
"Outros";"Rio G. do Sul"
"Outros";"Rio G. do Sul"
"Outros";"Rio G. do Sul"
"Outros";"Rio G. do Sul"
"Outros";"Rio G. do Sul"
"Outros";"Rio G. do Sul"
"Outros";"Rio G. do Sul"
"Outros";"Rio G. do Sul"
"Outros";"Rio G. do Sul"
"Outros";"Rio G. do Sul"
"Outros";"Rio G. do Sul"
"Outros";"Rio G. do Sul"
"Outros";"Rio G. do Sul"
"Outros";"Rio G. do Sul"
"Outros";"Rio G. do Sul"
"Outros";"Rio G. do Sul"
